<?xml version="1.0" encoding="UTF-8"?>
<module id="337"><sql/><views><view id="v40c8ed9301d0f4ab855745e7c432dc17" name="navigationPages"/><view id="v5221f4a024764fbb2230b8d33dfd61df" name="pageExplorer"/><view id="vdba114394da5e1ce54353e614f8f905e" name="folderView"/><view id="vd78a626d8ded06f80a48add956334f75" name="pageEditor"/><view id="vc8bbb0059001321dca131a38da13f149" name="createDomain"/><view id="va65479340d16100202c889d4ee9152a3" name="createFolder"/><view id="v3293295ebba52d90ee2296b71a89851a" name="createPage"/><view id="v2b9e31ee597fc6bbb02f8d985f93adb0" name="deleteFolder"></view></views></module>
