<?xml version="1.0" encoding="UTF-8"?>
<module id="160"><sql><query id="q802539350fe3dbc3095e9654909396d2" name="update_person_info"/><query id="q5fc26e41db64ca35a55c8a5baffe4dc9" name="update_account_info"/><query id="q69b43e02e5940e8292fb2bdf4f06770b" name="update_username"/><query id="q0c4e0286a7472edc9a2ed35aeda0662d" name="check_unique_username"></query></sql><views><view id="va85dba8810b0339f390585055daeddfa" name="generalSettings"/><view id="v3f624b81beeacfe372e0d05da883d218" name="personalInfo"/><view id="v0f97fe4ea01feb8f2d2e57efb05f0871" name="usernameManager"/><view id="vcc20afbab66ff93a8674631c43815e4b" name="emailManager"/><view id="v81aa9312f8b97ab163254efdd63ba541" name="languageSelector"/></views></module>
