<?xml version="1.0" encoding="UTF-8"?>
<module id="275"><sql><query id="qf07bb5c8a5edf03dddc51bba9c63c0a2" name="get_pending_projects"/><query id="qbbce8c79f5f2ffc2741f6cf9f3f801e6" name="get_reviewed_projects"/><query id="qe10b8f7adb68f2d477155056012d702b" name="review_project"></query></sql><views><view id="vf6498f2411be0c4f179ad291dc7801b6" name="MarketReview"/><view id="vd3687ffbebf21f81bc8a2acc8be537ad" name="pendingProjects"/><view id="v98d8f24010e38a846af1089a8f94fea1" name="reviewedProjects"/><view id="v8aea2b9b11b0ea3e2cdedc435ece7f45" name="reviewProject"/></views></module>
