<?xml version="1.0" encoding="UTF-8"?>
<module id="328"><sql><query id="qcb35a9dac233a13d04da6b875e212b60" name="get_managed_accounts"/><query id="q814b47add90c9eedc12c674e8e982a2e" name="update_account_info"/><query id="q7ffd3377ded185fb68e268b1d0e8e0c5" name="update_account_password"/><query id="q63b43b66233a2205239e92f7a7344307" name="get_account_info"/><query id="q9711c475b970e2836db255ac3a448a85" name="delete_account"/><query id="q927d7bba5c7d1753cce1914a9a80fc9e" name="create_account"></query></sql><views><view id="vd6ddcce9535a6821c7e3733f9a62d7d1" name="managedAccounts"/><view id="v6f664b6d4ce55afa4a57a6f24ca0863f" name="editAccount"/><view id="v01acaa5139aad2f52bec766bd55b5cc8" name="newAccount"/></views></module>
