<?xml version="1.0" encoding="UTF-8"?>
<module id="260"><sql><query id="q704afd97a79c7e0283726fc64a676f75" name="get_team_members"/><query id="q4e395593452d01cff9fa207c215713b4" name="get_team_usergroups"/><query id="qdf83c006bf57108c1005a6d8418c6402" name="remove_team_member"/><query id="q699a355c76c87ca1adb7709e11fbe6b8" name="search_accounts_no_team"/><query id="q6c2fee10bad45e8f284d232052b6b7e7" name="add_account_to_team"/><query id="qdb69e386f4bfde930d1068fc2b50bc6e" name="search_accounts"></query></sql><views><view id="v73f99c20d8a8c553971faaca95a30473" name="editRoles"/><view id="vcedb7ca2f86acb4939420beedbd012a9" name="removeMember"/><view id="vef3b5f031008cc5b8f23c2cdf34d229c" name="addMembers"/><view id="v100ae6bcae9e8da766f2db9242776971" name="teamMembers"/><view id="ved38358c750848b37fcd206696f0284b" name="searchAccounts"/><view id="vd495cba5f703611e2eec365414218c07" name="revokeInvitation"/><view id="v4fe5c754ad793e1a651569186d1e6524" name="resendInvitation"/></views></module>
