<?xml version="1.0" encoding="UTF-8"?>
<module id="371"><sql><query id="q94effcd321325def63204d93ea10830b" name="delete_team"/><query id="q886818d9e6835d338ef7fb425ef898aa" name="delete_team_keys"></query></sql><views><view id="vc521874a4abca1bc71e3e9c33e977cee" name="bossDashboardTeamSettings"/><view id="v50307fb270f8160a53c624bf04e2d38a" name="teamInfo"/><view id="vd791acb57d95ec7a7c6eb616e5544031" name="editInfo"/><view id="v5fc663257efb958da63836f7c8cb2db3" name="deleteTeam"/></views></module>
