<?xml version="1.0" encoding="UTF-8"?>
<module id="161"><sql><query id="q1cff14d89667c5c46dd5a82ab45290c4" name="get_active_sessions"/></sql><views><view id="v50d089c00c14517f7c9ed96c8944d564" name="securitySettings"/><view id="v2286c68c9181b5a06d45023d350e42e3" name="passwordManager"/><view id="vbad8ab320086bd4a2fe8c7ccb3eedc83" name="sessionManager"/><view id="vcd20a0b0d27ce522fc0c27d5066883b1" name="accountKeyManager"/><view id="vef6e6c3089d7bc6de43eaf16bfe5acbf" name="regenerateKey"/></views></module>
