<?xml version="1.0" encoding="UTF-8"?>
<module id="97"><sql><query id="qc4a35725757b84463ff72f95e1c6d18d" name="get_all_mgroups"/><query id="q0680caf477d3801541dbc3f7fe8fd89f" name="get_module_statuses"/><query id="qae10cda7ee25a1e93730c41b6b8fb799" name="update_module_access_info"/><query id="qeea751b59202acb0e55921894c3d5f4e" name="get_security_keytypes"/><query id="q104e3f103183506151313e5eb632e18d" name="clear_module_keytypes"/><query id="qd131977daddb126265431525a964f4de" name="add_module_keytype"></query></sql><views><view id="va162b8dd432304b7a1c6fd2643df5757" name="securityModuleManager"/><view id="v5717380f01be06b9486f9ecb0b9c8d69" name="moduleEditor"/><view id="v4822e01ec94988918f3a81386dd0621a" name="moduleViewer"/></views></module>
