<?xml version="1.0" encoding="UTF-8"?>
<module id="259"><sql><query id="qbcf407e2cc46d247a6dd419d59e941ec" name="create_team"/><query id="q8fa32fb5e8aadc1c4ccb95a3dc1dbf34" name="add_account_to_team"/><query id="q979b99a6ad9c6d5cfcc98f39582b1aab" name="add_account_to_project"></query></sql><views><view id="va0dd0fad5a51c7f0c2f0a6c2a96d9c96" name="myRelationsPage"/><view id="vbd54d91bf12e9412b9ec239d46aac0f6" name="createTeam"/><view id="vcfa7f97232f5120608439ef9561b4f87" name="myTeams"/><view id="vd14354000da54270de6e0511765c41f0" name="myInvitations"/><view id="v74eb885d1a0d3ebbb1866c162ec8bbde" name="ignoreInvitation"/><view id="v82e368308102823c244036cb1afa72d0" name="acceptInvitation"/></views></module>
