<?xml version="1.0" encoding="UTF-8"?>
<module id="370"><sql><query id="q3e698e80aee29e16c69b0c0d391ab439" name="remove_team_member"/></sql><views><view id="ve6b37ea15ef29650f599d6c6047c74e6" name="bossDashboardTeamMembers"/><view id="v66bfe70817b90ca5f57293e31a9453e1" name="invitationDialog"/><view id="ved8433c26d5496e6bcc973edd10f39c7" name="memberList"/><view id="ve9c9972fb5b8927badc927ba9cb0e2fe" name="invitationList"/><view id="vbc252c75881d665c6b44e8209420cae9" name="editRoles"/><view id="v7e9926e3411e8a84edeef2a004c78b5f" name="resendInvitation"/><view id="vea12b8488417666d90e7995ad8911c39" name="revokeInvitation"/></views></module>
