<?xml version="1.0" encoding="UTF-8"?>
<module id="160"><sql><query id="q802539350fe3dbc3095e9654909396d2" name="update_person_info"/><query id="q5fc26e41db64ca35a55c8a5baffe4dc9" name="update_account_info"/></sql><views><view id="va85dba8810b0339f390585055daeddfa" name="personalSettings"/><view id="v3f624b81beeacfe372e0d05da883d218" name="personalInfo"/><view id="vcc20afbab66ff93a8674631c43815e4b" name="emailManager"/><view id="v81aa9312f8b97ab163254efdd63ba541" name="languageSelector"/><view id="vcfa53704ccb60d2a48e3152c67f258e8" name="profileImage"></view></views></module>
